Assessments,,,,,,,,,,,,
7/14/2022,,,,,,,,,,,,
,,,,,,,,,,,,
Year,Division,School,Level,Subgroup,Test Level,Subject Area,Subject,Percent Pass,Percent Proficiency,Advance,Fail,Record Count
2018 - 2019,Loudoun County Public Schools,Forest Grove Elementary,SCH,All Students,,ENGR,English Reading,70,53,17,30,264
2018 - 2019,Loudoun County Public Schools,Forest Grove Elementary,SCH,Asian,,ENGR,English Reading,78,55,24,22,51
2018 - 2019,Loudoun County Public Schools,Forest Grove Elementary,SCH,Black,,ENGR,English Reading,85,65,20,15,20
2018 - 2019,Loudoun County Public Schools,Forest Grove Elementary,SCH,Female,,ENGR,English Reading,68,47,21,32,133
2018 - 2019,Loudoun County Public Schools,Forest Grove Elementary,SCH,Hispanic,,ENGR,English Reading,59,50,9,41,139
2018 - 2019,Loudoun County Public Schools,Forest Grove Elementary,SCH,Homeless,,ENGR,English Reading,60,49,11,40,35
2018 - 2019,Loudoun County Public Schools,Forest Grove Elementary,SCH,Male,,ENGR,English Reading,73,59,14,27,131
2018 - 2019,Loudoun County Public Schools,Forest Grove Elementary,SCH,Students with Disabilities,,ENGR,English Reading,46,38,8,54,24
2018 - 2019,Loudoun County Public Schools,Forest Grove Elementary,SCH,White,,ENGR,English Reading,86,50,36,14,44
2018 - 2019,Loudoun County Public Schools,Forest Grove Elementary,SCH,All Students,,MATH,Mathematics,77,64,14,23,266
2018 - 2019,Loudoun County Public Schools,Forest Grove Elementary,SCH,Asian,,MATH,Mathematics,88,67,21,12,52
2018 - 2019,Loudoun County Public Schools,Forest Grove Elementary,SCH,Black,,MATH,Mathematics,70,60,10,30,20
2018 - 2019,Loudoun County Public Schools,Forest Grove Elementary,SCH,Female,,MATH,Mathematics,75,66,8,25,134
2018 - 2019,Loudoun County Public Schools,Forest Grove Elementary,SCH,Hispanic,,MATH,Mathematics,69,64,5,31,139
2018 - 2019,Loudoun County Public Schools,Forest Grove Elementary,SCH,Homeless,,MATH,Mathematics,64,56,8,36,36
2018 - 2019,Loudoun County Public Schools,Forest Grove Elementary,SCH,Male,,MATH,Mathematics,80,61,19,20,132
2018 - 2019,Loudoun County Public Schools,Forest Grove Elementary,SCH,Students with Disabilities,,MATH,Mathematics,46,38,8,54,24
2018 - 2019,Loudoun County Public Schools,Forest Grove Elementary,SCH,White,,MATH,Mathematics,93,60,33,7,45
2018 - 2019,Loudoun County Public Schools,Forest Grove Elementary,SCH,All Students,,SCI,Science,70,52,19,30,97
2018 - 2019,Loudoun County Public Schools,Forest Grove Elementary,SCH,Asian,,SCI,Science,92,62,31,8,13
2018 - 2019,Loudoun County Public Schools,Forest Grove Elementary,SCH,Black,,SCI,Science,70,70,-,30,10
2018 - 2019,Loudoun County Public Schools,Forest Grove Elementary,SCH,Female,,SCI,Science,64,41,23,36,56
2018 - 2019,Loudoun County Public Schools,Forest Grove Elementary,SCH,Hispanic,,SCI,Science,58,51,7,42,55
2018 - 2019,Loudoun County Public Schools,Forest Grove Elementary,SCH,Homeless,,SCI,Science,59,53,6,41,17
2018 - 2019,Loudoun County Public Schools,Forest Grove Elementary,SCH,Male,,SCI,Science,78,66,12,22,41
2018 - 2019,Loudoun County Public Schools,Forest Grove Elementary,SCH,Students with Disabilities,,SCI,Science,<,<,<,<,0
2018 - 2019,Loudoun County Public Schools,Forest Grove Elementary,SCH,White,,SCI,Science,93,27,67,7,15
2018 - 2019,Loudoun County Public Schools,Guilford Elementary,SCH,All Students,,ENGR,English Reading,57,50,7,43,269
2018 - 2019,Loudoun County Public Schools,Guilford Elementary,SCH,Asian,,ENGR,English Reading,70,50,20,30,20
2018 - 2019,Loudoun County Public Schools,Guilford Elementary,SCH,Black,,ENGR,English Reading,80,70,10,20,10
2018 - 2019,Loudoun County Public Schools,Guilford Elementary,SCH,Female,,ENGR,English Reading,59,51,8,41,138
2018 - 2019,Loudoun County Public Schools,Guilford Elementary,SCH,Hispanic,,ENGR,English Reading,53,48,5,47,220
2018 - 2019,Loudoun County Public Schools,Guilford Elementary,SCH,Homeless,,ENGR,English Reading,37,37,-,63,46
2018 - 2019,Loudoun County Public Schools,Guilford Elementary,SCH,Male,,ENGR,English Reading,54,48,6,46,131
2018 - 2019,Loudoun County Public Schools,Guilford Elementary,SCH,Students with Disabilities,,ENGR,English Reading,36,32,4,64,28
2018 - 2019,Loudoun County Public Schools,Guilford Elementary,SCH,White,,ENGR,English Reading,77,54,23,23,13
2018 - 2019,Loudoun County Public Schools,Guilford Elementary,SCH,All Students,,MATH,Mathematics,75,67,8,25,271
2018 - 2019,Loudoun County Public Schools,Guilford Elementary,SCH,American Indian,,MATH,Mathematics,<,<,<,<,0
2018 - 2019,Loudoun County Public Schools,Guilford Elementary,SCH,Asian,,MATH,Mathematics,90,65,25,10,20
2018 - 2019,Loudoun County Public Schools,Guilford Elementary,SCH,Black,,MATH,Mathematics,80,80,-,20,10
2018 - 2019,Loudoun County Public Schools,Guilford Elementary,SCH,Female,,MATH,Mathematics,71,64,7,29,138
2018 - 2019,Loudoun County Public Schools,Guilford Elementary,SCH,Hispanic,,MATH,Mathematics,73,67,7,27,222
2018 - 2019,Loudoun County Public Schools,Guilford Elementary,SCH,Homeless,,MATH,Mathematics,53,49,4,47,47
2018 - 2019,Loudoun County Public Schools,Guilford Elementary,SCH,Male,,MATH,Mathematics,80,70,10,20,133
2018 - 2019,Loudoun County Public Schools,Guilford Elementary,SCH,Students with Disabilities,,MATH,Mathematics,50,50,-,50,28
2018 - 2019,Loudoun County Public Schools,Guilford Elementary,SCH,White,,MATH,Mathematics,77,54,23,23,13
2018 - 2019,Loudoun County Public Schools,Guilford Elementary,SCH,All Students,,SCI,Science,79,56,22,21,85
2018 - 2019,Loudoun County Public Schools,Guilford Elementary,SCH,Asian,,SCI,Science,<,<,<,<,0
2018 - 2019,Loudoun County Public Schools,Guilford Elementary,SCH,Black,,SCI,Science,100,<,<,0,0
2018 - 2019,Loudoun County Public Schools,Guilford Elementary,SCH,Female,,SCI,Science,73,53,20,27,45
2018 - 2019,Loudoun County Public Schools,Guilford Elementary,SCH,Hispanic,,SCI,Science,75,56,19,25,64
2018 - 2019,Loudoun County Public Schools,Guilford Elementary,SCH,Homeless,,SCI,Science,60,50,10,40,10
2018 - 2019,Loudoun County Public Schools,Guilford Elementary,SCH,Male,,SCI,Science,85,60,25,15,40
2018 - 2019,Loudoun County Public Schools,Guilford Elementary,SCH,Students with Disabilities,,SCI,Science,<,<,<,<,0
2018 - 2019,Loudoun County Public Schools,Guilford Elementary,SCH,White,,SCI,Science,<,<,<,<,0
2018 - 2019,Loudoun County Public Schools,Rolling Ridge Elementary,SCH,All Students,,ENGR,English Reading,65,56,9,35,280
2018 - 2019,Loudoun County Public Schools,Rolling Ridge Elementary,SCH,American Indian,,ENGR,English Reading,<,<,<,<,0
2018 - 2019,Loudoun County Public Schools,Rolling Ridge Elementary,SCH,Asian,,ENGR,English Reading,93,64,29,7,42
2018 - 2019,Loudoun County Public Schools,Rolling Ridge Elementary,SCH,Black,,ENGR,English Reading,50,50,-,50,26
2018 - 2019,Loudoun County Public Schools,Rolling Ridge Elementary,SCH,Female,,ENGR,English Reading,69,58,10,31,137
2018 - 2019,Loudoun County Public Schools,Rolling Ridge Elementary,SCH,Hispanic,,ENGR,English Reading,57,53,4,43,159
2018 - 2019,Loudoun County Public Schools,Rolling Ridge Elementary,SCH,Homeless,,ENGR,English Reading,<,<,<,<,0
2018 - 2019,Loudoun County Public Schools,Rolling Ridge Elementary,SCH,Male,,ENGR,English Reading,61,53,8,39,143
2018 - 2019,Loudoun County Public Schools,Rolling Ridge Elementary,SCH,Students with Disabilities,,ENGR,English Reading,44,22,22,56,32
2018 - 2019,Loudoun County Public Schools,Rolling Ridge Elementary,SCH,White,,ENGR,English Reading,74,64,10,26,39
2018 - 2019,Loudoun County Public Schools,Rolling Ridge Elementary,SCH,All Students,,MATH,Mathematics,83,67,16,17,280
2018 - 2019,Loudoun County Public Schools,Rolling Ridge Elementary,SCH,Asian,,MATH,Mathematics,95,57,38,5,42
2018 - 2019,Loudoun County Public Schools,Rolling Ridge Elementary,SCH,Black,,MATH,Mathematics,73,65,8,27,26
2018 - 2019,Loudoun County Public Schools,Rolling Ridge Elementary,SCH,Female,,MATH,Mathematics,83,69,14,17,137
2018 - 2019,Loudoun County Public Schools,Rolling Ridge Elementary,SCH,Hispanic,,MATH,Mathematics,81,71,9,19,159
2018 - 2019,Loudoun County Public Schools,Rolling Ridge Elementary,SCH,Homeless,,MATH,Mathematics,<,<,<,<,0
2018 - 2019,Loudoun County Public Schools,Rolling Ridge Elementary,SCH,Male,,MATH,Mathematics,83,65,17,17,143
2018 - 2019,Loudoun County Public Schools,Rolling Ridge Elementary,SCH,Students with Disabilities,,MATH,Mathematics,59,28,31,41,32
2018 - 2019,Loudoun County Public Schools,Rolling Ridge Elementary,SCH,White,,MATH,Mathematics,85,67,18,15,39
2018 - 2019,Loudoun County Public Schools,Rolling Ridge Elementary,SCH,White,5,SCI,Grade 5 Science,73,55,18,27,11
2018 - 2019,Loudoun County Public Schools,Rolling Ridge Elementary,SCH,All Students,,SCI,Science,67,53,14,33,94
2018 - 2019,Loudoun County Public Schools,Rolling Ridge Elementary,SCH,Asian,,SCI,Science,87,47,40,13,15
2018 - 2019,Loudoun County Public Schools,Rolling Ridge Elementary,SCH,Black,,SCI,Science,64,64,-,36,11
2018 - 2019,Loudoun County Public Schools,Rolling Ridge Elementary,SCH,Female,,SCI,Science,65,52,13,35,48
2018 - 2019,Loudoun County Public Schools,Rolling Ridge Elementary,SCH,Hispanic,,SCI,Science,60,52,8,40,52
2018 - 2019,Loudoun County Public Schools,Rolling Ridge Elementary,SCH,Homeless,,SCI,Science,<,<,<,<,0
2018 - 2019,Loudoun County Public Schools,Rolling Ridge Elementary,SCH,Male,,SCI,Science,70,54,15,30,46
2018 - 2019,Loudoun County Public Schools,Rolling Ridge Elementary,SCH,Students with Disabilities,,SCI,Science,50,20,30,50,10
2018 - 2019,Loudoun County Public Schools,Rolling Ridge Elementary,SCH,White,,SCI,Science,73,55,18,27,11
2018 - 2019,Loudoun County Public Schools,Sterling Elementary,SCH,All Students,,ENGR,English Reading,60,50,10,40,234
2018 - 2019,Loudoun County Public Schools,Sterling Elementary,SCH,Asian,,ENGR,English Reading,83,69,14,17,36
2018 - 2019,Loudoun County Public Schools,Sterling Elementary,SCH,Black,,ENGR,English Reading,76,71,6,24,17
2018 - 2019,Loudoun County Public Schools,Sterling Elementary,SCH,English Learners,,ENGR,English Reading,29,29,-,71,107
2018 - 2019,Loudoun County Public Schools,Sterling Elementary,SCH,Female,,ENGR,English Reading,58,45,13,42,131
2018 - 2019,Loudoun County Public Schools,Sterling Elementary,SCH,Hispanic,,ENGR,English Reading,45,39,6,55,130
2018 - 2019,Loudoun County Public Schools,Sterling Elementary,SCH,Homeless,,ENGR,English Reading,33,33,-,67,33
2018 - 2019,Loudoun County Public Schools,Sterling Elementary,SCH,Male,,ENGR,English Reading,63,56,7,37,103
2018 - 2019,Loudoun County Public Schools,Sterling Elementary,SCH,Students with Disabilities,,ENGR,English Reading,31,28,3,69,32
2018 - 2019,Loudoun County Public Schools,Sterling Elementary,SCH,White,,ENGR,English Reading,86,62,24,14,37
2018 - 2019,Loudoun County Public Schools,Sterling Elementary,SCH,All Students,,MATH,Mathematics,74,65,9,26,234
2018 - 2019,Loudoun County Public Schools,Sterling Elementary,SCH,Asian,,MATH,Mathematics,83,69,14,17,36
2018 - 2019,Loudoun County Public Schools,Sterling Elementary,SCH,Black,,MATH,Mathematics,82,65,18,18,17
2018 - 2019,Loudoun County Public Schools,Sterling Elementary,SCH,Female,,MATH,Mathematics,69,60,9,31,131
2018 - 2019,Loudoun County Public Schools,Sterling Elementary,SCH,Hispanic,,MATH,Mathematics,68,62,6,32,130
2018 - 2019,Loudoun County Public Schools,Sterling Elementary,SCH,Homeless,,MATH,Mathematics,58,55,3,42,33
2018 - 2019,Loudoun County Public Schools,Sterling Elementary,SCH,Male,,MATH,Mathematics,80,71,9,20,103
2018 - 2019,Loudoun County Public Schools,Sterling Elementary,SCH,Students with Disabilities,,MATH,Mathematics,34,34,-,66,32
2018 - 2019,Loudoun County Public Schools,Sterling Elementary,SCH,White,,MATH,Mathematics,86,76,11,14,37
2018 - 2019,Loudoun County Public Schools,Sterling Elementary,SCH,All Students,,SCI,Science,81,55,26,19,77
2018 - 2019,Loudoun County Public Schools,Sterling Elementary,SCH,Asian,,SCI,Science,94,75,19,6,16
2018 - 2019,Loudoun County Public Schools,Sterling Elementary,SCH,Black,,SCI,Science,<,<,<,<,0
2018 - 2019,Loudoun County Public Schools,Sterling Elementary,SCH,Female,,SCI,Science,81,54,27,19,48
2018 - 2019,Loudoun County Public Schools,Sterling Elementary,SCH,Hispanic,,SCI,Science,63,38,25,38,32
2018 - 2019,Loudoun County Public Schools,Sterling Elementary,SCH,Homeless,,SCI,Science,<,<,<,<,0
2018 - 2019,Loudoun County Public Schools,Sterling Elementary,SCH,Male,,SCI,Science,79,55,24,21,29
2018 - 2019,Loudoun County Public Schools,Sterling Elementary,SCH,Students with Disabilities,,SCI,Science,<,<,<,<,0
2018 - 2019,Loudoun County Public Schools,Sterling Elementary,SCH,White,,SCI,Science,94,63,31,6,16
2018 - 2019,Loudoun County Public Schools,Sugarland Elementary,SCH,All Students,,ENGR,English Reading,58,49,8,42,291
2018 - 2019,Loudoun County Public Schools,Sugarland Elementary,SCH,Asian,,ENGR,English Reading,64,52,12,36,25
2018 - 2019,Loudoun County Public Schools,Sugarland Elementary,SCH,Black,,ENGR,English Reading,52,48,5,48,21
2018 - 2019,Loudoun County Public Schools,Sugarland Elementary,SCH,Female,,ENGR,English Reading,62,51,11,38,140
2018 - 2019,Loudoun County Public Schools,Sugarland Elementary,SCH,Hispanic,,ENGR,English Reading,51,44,7,49,208
2018 - 2019,Loudoun County Public Schools,Sugarland Elementary,SCH,Homeless,,ENGR,English Reading,41,38,3,59,34
2018 - 2019,Loudoun County Public Schools,Sugarland Elementary,SCH,Male,,ENGR,English Reading,54,48,5,46,151
2018 - 2019,Loudoun County Public Schools,Sugarland Elementary,SCH,Students with Disabilities,,ENGR,English Reading,32,32,-,68,31
2018 - 2019,Loudoun County Public Schools,Sugarland Elementary,SCH,White,,ENGR,English Reading,97,83,13,3,30
2018 - 2019,Loudoun County Public Schools,Sugarland Elementary,SCH,All Students,,MATH,Mathematics,74,65,9,26,292
2018 - 2019,Loudoun County Public Schools,Sugarland Elementary,SCH,Asian,,MATH,Mathematics,69,54,15,31,26
2018 - 2019,Loudoun County Public Schools,Sugarland Elementary,SCH,Black,,MATH,Mathematics,71,67,5,29,21
2018 - 2019,Loudoun County Public Schools,Sugarland Elementary,SCH,Female,,MATH,Mathematics,74,67,7,26,141
2018 - 2019,Loudoun County Public Schools,Sugarland Elementary,SCH,Hispanic,,MATH,Mathematics,71,66,5,29,208
2018 - 2019,Loudoun County Public Schools,Sugarland Elementary,SCH,Homeless,,MATH,Mathematics,68,62,6,32,34
2018 - 2019,Loudoun County Public Schools,Sugarland Elementary,SCH,Male,,MATH,Mathematics,74,64,10,26,151
2018 - 2019,Loudoun County Public Schools,Sugarland Elementary,SCH,Students with Disabilities,,MATH,Mathematics,48,45,3,52,31
2018 - 2019,Loudoun County Public Schools,Sugarland Elementary,SCH,White,,MATH,Mathematics,93,67,27,7,30
2018 - 2019,Loudoun County Public Schools,Sugarland Elementary,SCH,All Students,,SCI,Science,57,48,10,43,94
2018 - 2019,Loudoun County Public Schools,Sugarland Elementary,SCH,Asian,,SCI,Science,<,<,<,<,0
2018 - 2019,Loudoun County Public Schools,Sugarland Elementary,SCH,Black,,SCI,Science,<,<,<,<,0
2018 - 2019,Loudoun County Public Schools,Sugarland Elementary,SCH,Female,,SCI,Science,57,45,11,43,44
2018 - 2019,Loudoun County Public Schools,Sugarland Elementary,SCH,Hispanic,,SCI,Science,51,42,8,49,71
2018 - 2019,Loudoun County Public Schools,Sugarland Elementary,SCH,Homeless,,SCI,Science,<,<,<,<,0
2018 - 2019,Loudoun County Public Schools,Sugarland Elementary,SCH,Male,,SCI,Science,58,50,8,42,50
2018 - 2019,Loudoun County Public Schools,Sugarland Elementary,SCH,Students with Disabilities,,SCI,Science,<,<,<,<,0
2018 - 2019,Loudoun County Public Schools,Sugarland Elementary,SCH,White,,SCI,Science,<,<,<,<,0
2018 - 2019,Loudoun County Public Schools,Sully Elementary,SCH,All Students,,ENGR,English Reading,46,38,8,54,219
2018 - 2019,Loudoun County Public Schools,Sully Elementary,SCH,Asian,,ENGR,English Reading,73,47,27,27,15
2018 - 2019,Loudoun County Public Schools,Sully Elementary,SCH,Black,,ENGR,English Reading,<,<,<,<,0
2018 - 2019,Loudoun County Public Schools,Sully Elementary,SCH,Female,,ENGR,English Reading,50,40,10,50,105
2018 - 2019,Loudoun County Public Schools,Sully Elementary,SCH,Foster Care,,ENGR,English Reading,<,<,<,<,0
2018 - 2019,Loudoun County Public Schools,Sully Elementary,SCH,Hispanic,,ENGR,English Reading,41,35,5,59,172
2018 - 2019,Loudoun County Public Schools,Sully Elementary,SCH,Homeless,,ENGR,English Reading,21,21,-,79,28
2018 - 2019,Loudoun County Public Schools,Sully Elementary,SCH,Male,,ENGR,English Reading,41,36,5,59,114
2018 - 2019,Loudoun County Public Schools,Sully Elementary,SCH,Students with Disabilities,,ENGR,English Reading,31,19,13,69,32
2018 - 2019,Loudoun County Public Schools,Sully Elementary,SCH,White,,ENGR,English Reading,75,55,20,25,20
2018 - 2019,Loudoun County Public Schools,Sully Elementary,SCH,All Students,,MATH,Mathematics,65,60,5,35,218
2018 - 2019,Loudoun County Public Schools,Sully Elementary,SCH,Asian,,MATH,Mathematics,80,47,33,20,15
2018 - 2019,Loudoun County Public Schools,Sully Elementary,SCH,Black,,MATH,Mathematics,<,<,<,<,0
2018 - 2019,Loudoun County Public Schools,Sully Elementary,SCH,Female,,MATH,Mathematics,67,63,4,33,105
2018 - 2019,Loudoun County Public Schools,Sully Elementary,SCH,Hispanic,,MATH,Mathematics,62,59,3,38,171
2018 - 2019,Loudoun County Public Schools,Sully Elementary,SCH,Homeless,,MATH,Mathematics,39,39,-,61,28
2018 - 2019,Loudoun County Public Schools,Sully Elementary,SCH,Male,,MATH,Mathematics,63,58,5,37,113
2018 - 2019,Loudoun County Public Schools,Sully Elementary,SCH,Students with Disabilities,,MATH,Mathematics,39,26,13,61,31
2018 - 2019,Loudoun County Public Schools,Sully Elementary,SCH,White,,MATH,Mathematics,80,80,-,20,20
2018 - 2019,Loudoun County Public Schools,Sully Elementary,SCH,All Students,,SCI,Science,72,62,11,28,76
2018 - 2019,Loudoun County Public Schools,Sully Elementary,SCH,Asian,,SCI,Science,<,<,<,<,0
2018 - 2019,Loudoun County Public Schools,Sully Elementary,SCH,Black,,SCI,Science,<,<,<,<,0
2018 - 2019,Loudoun County Public Schools,Sully Elementary,SCH,Female,,SCI,Science,71,60,11,29,35
2018 - 2019,Loudoun County Public Schools,Sully Elementary,SCH,Hispanic,,SCI,Science,69,62,7,31,58
2018 - 2019,Loudoun County Public Schools,Sully Elementary,SCH,Homeless,,SCI,Science,<,<,<,<,0
2018 - 2019,Loudoun County Public Schools,Sully Elementary,SCH,Male,,SCI,Science,73,63,10,27,41
2018 - 2019,Loudoun County Public Schools,Sully Elementary,SCH,Students with Disabilities,,SCI,Science,50,43,7,50,14
2018 - 2019,Loudoun County Public Schools,Sully Elementary,SCH,White,,SCI,Science,91,64,27,9,11
2020 - 2021,Loudoun County Public Schools,Forest Grove Elementary,SCH,All Students,,ENGR,English Reading,52,47,5,48,251
2020 - 2021,Loudoun County Public Schools,Forest Grove Elementary,SCH,Asian,,ENGR,English Reading,59,50,9,41,56
2020 - 2021,Loudoun County Public Schools,Forest Grove Elementary,SCH,Black,,ENGR,English Reading,56,56,-,44,16
2020 - 2021,Loudoun County Public Schools,Forest Grove Elementary,SCH,Female,,ENGR,English Reading,54,48,6,46,119
2020 - 2021,Loudoun County Public Schools,Forest Grove Elementary,SCH,Hispanic,,ENGR,English Reading,41,38,2,59,125
2020 - 2021,Loudoun County Public Schools,Forest Grove Elementary,SCH,Homeless,,ENGR,English Reading,30,30,-,70,20
2020 - 2021,Loudoun County Public Schools,Forest Grove Elementary,SCH,Male,,ENGR,English Reading,51,46,5,49,132
2020 - 2021,Loudoun County Public Schools,Forest Grove Elementary,SCH,Students with Disabilities,,ENGR,English Reading,33,30,3,67,30
2020 - 2021,Loudoun County Public Schools,Forest Grove Elementary,SCH,White,,ENGR,English Reading,71,63,8,29,49
2020 - 2021,Loudoun County Public Schools,Forest Grove Elementary,SCH,All Students,,MATH,Mathematics,36,34,2,64,259
2020 - 2021,Loudoun County Public Schools,Forest Grove Elementary,SCH,Asian,,MATH,Mathematics,53,47,7,47,58
2020 - 2021,Loudoun County Public Schools,Forest Grove Elementary,SCH,Black,,MATH,Mathematics,42,42,-,58,19
2020 - 2021,Loudoun County Public Schools,Forest Grove Elementary,SCH,Female,,MATH,Mathematics,30,28,2,70,122
2020 - 2021,Loudoun County Public Schools,Forest Grove Elementary,SCH,Hispanic,,MATH,Mathematics,20,20,-,80,128
2020 - 2021,Loudoun County Public Schools,Forest Grove Elementary,SCH,Homeless,,MATH,Mathematics,9,9,-,91,22
2020 - 2021,Loudoun County Public Schools,Forest Grove Elementary,SCH,Male,,MATH,Mathematics,42,39,2,58,137
2020 - 2021,Loudoun County Public Schools,Forest Grove Elementary,SCH,Multiple Races,,MATH,Mathematics,<,<,<,<,0
2020 - 2021,Loudoun County Public Schools,Forest Grove Elementary,SCH,Students with Disabilities,,MATH,Mathematics,13,13,-,87,30
2020 - 2021,Loudoun County Public Schools,Forest Grove Elementary,SCH,White,,MATH,Mathematics,57,53,4,43,49
2020 - 2021,Loudoun County Public Schools,Forest Grove Elementary,SCH,All Students,,SCI,Science,34,29,5,66,83
2020 - 2021,Loudoun County Public Schools,Forest Grove Elementary,SCH,Asian,,SCI,Science,46,33,13,54,24
2020 - 2021,Loudoun County Public Schools,Forest Grove Elementary,SCH,Black,,SCI,Science,<,<,<,<,0
2020 - 2021,Loudoun County Public Schools,Forest Grove Elementary,SCH,Female,,SCI,Science,18,12,6,82,34
2020 - 2021,Loudoun County Public Schools,Forest Grove Elementary,SCH,Hispanic,,SCI,Science,16,16,-,84,38
2020 - 2021,Loudoun County Public Schools,Forest Grove Elementary,SCH,Homeless,,SCI,Science,<,<,<,<,0
2020 - 2021,Loudoun County Public Schools,Forest Grove Elementary,SCH,Male,,SCI,Science,45,41,4,55,49
2020 - 2021,Loudoun County Public Schools,Forest Grove Elementary,SCH,Students with Disabilities,,SCI,Science,<,<,<,<,0
2020 - 2021,Loudoun County Public Schools,Forest Grove Elementary,SCH,White,,SCI,Science,50,44,6,50,16
2020 - 2021,Loudoun County Public Schools,Guilford Elementary,SCH,All Students,,ENGR,English Reading,38,37,1,62,223
2020 - 2021,Loudoun County Public Schools,Guilford Elementary,SCH,American Indian,,ENGR,English Reading,<,<,<,<,0
2020 - 2021,Loudoun County Public Schools,Guilford Elementary,SCH,Asian,,ENGR,English Reading,50,50,-,50,10
2020 - 2021,Loudoun County Public Schools,Guilford Elementary,SCH,Black,,ENGR,English Reading,80,80,-,20,10
2020 - 2021,Loudoun County Public Schools,Guilford Elementary,SCH,Female,,ENGR,English Reading,39,37,2,61,105
2020 - 2021,Loudoun County Public Schools,Guilford Elementary,SCH,Hispanic,,ENGR,English Reading,32,32,1,68,188
2020 - 2021,Loudoun County Public Schools,Guilford Elementary,SCH,Homeless,,ENGR,English Reading,24,24,-,76,49
2020 - 2021,Loudoun County Public Schools,Guilford Elementary,SCH,Male,,ENGR,English Reading,36,36,-,64,118
2020 - 2021,Loudoun County Public Schools,Guilford Elementary,SCH,Students with Disabilities,,ENGR,English Reading,39,39,-,61,31
2020 - 2021,Loudoun County Public Schools,Guilford Elementary,SCH,White,,ENGR,English Reading,64,55,9,36,11
2020 - 2021,Loudoun County Public Schools,Guilford Elementary,SCH,All Students,,MATH,Mathematics,28,27,-,72,222
2020 - 2021,Loudoun County Public Schools,Guilford Elementary,SCH,Asian,,MATH,Mathematics,30,30,-,70,10
2020 - 2021,Loudoun County Public Schools,Guilford Elementary,SCH,Black,,MATH,Mathematics,60,60,-,40,10
2020 - 2021,Loudoun County Public Schools,Guilford Elementary,SCH,Female,,MATH,Mathematics,23,23,-,77,102
2020 - 2021,Loudoun County Public Schools,Guilford Elementary,SCH,Hispanic,,MATH,Mathematics,24,23,1,76,187
2020 - 2021,Loudoun County Public Schools,Guilford Elementary,SCH,Homeless,,MATH,Mathematics,14,14,-,86,50
2020 - 2021,Loudoun County Public Schools,Guilford Elementary,SCH,Male,,MATH,Mathematics,33,32,1,68,120
2020 - 2021,Loudoun County Public Schools,Guilford Elementary,SCH,Students with Disabilities,,MATH,Mathematics,27,27,-,73,30
2020 - 2021,Loudoun County Public Schools,Guilford Elementary,SCH,White,,MATH,Mathematics,64,64,-,36,11
2020 - 2021,Loudoun County Public Schools,Guilford Elementary,SCH,All Students,,SCI,Science,16,16,-,84,61
2020 - 2021,Loudoun County Public Schools,Guilford Elementary,SCH,Asian,,SCI,Science,<,<,<,<,0
2020 - 2021,Loudoun County Public Schools,Guilford Elementary,SCH,Black,,SCI,Science,<,<,<,<,0
2020 - 2021,Loudoun County Public Schools,Guilford Elementary,SCH,Female,,SCI,Science,10,10,-,90,30
2020 - 2021,Loudoun County Public Schools,Guilford Elementary,SCH,Hispanic,,SCI,Science,13,13,-,87,53
2020 - 2021,Loudoun County Public Schools,Guilford Elementary,SCH,Homeless,,SCI,Science,6,6,-,94,16
2020 - 2021,Loudoun County Public Schools,Guilford Elementary,SCH,Male,,SCI,Science,23,23,-,77,31
2020 - 2021,Loudoun County Public Schools,Guilford Elementary,SCH,Students with Disabilities,,SCI,Science,<,<,<,<,0
2020 - 2021,Loudoun County Public Schools,Guilford Elementary,SCH,White,,SCI,Science,<,<,<,<,0
2020 - 2021,Loudoun County Public Schools,Rolling Ridge Elementary,SCH,All Students,,ENGR,English Reading,54,48,6,46,226
2020 - 2021,Loudoun County Public Schools,Rolling Ridge Elementary,SCH,Asian,,ENGR,English Reading,77,61,16,23,31
2020 - 2021,Loudoun County Public Schools,Rolling Ridge Elementary,SCH,Black,,ENGR,English Reading,71,71,-,29,21
2020 - 2021,Loudoun County Public Schools,Rolling Ridge Elementary,SCH,Female,,ENGR,English Reading,59,53,6,41,120
2020 - 2021,Loudoun County Public Schools,Rolling Ridge Elementary,SCH,Hispanic,,ENGR,English Reading,42,39,3,58,133
2020 - 2021,Loudoun County Public Schools,Rolling Ridge Elementary,SCH,Homeless,,ENGR,English Reading,15,15,-,85,13
2020 - 2021,Loudoun County Public Schools,Rolling Ridge Elementary,SCH,Male,,ENGR,English Reading,49,42,7,51,106
2020 - 2021,Loudoun County Public Schools,Rolling Ridge Elementary,SCH,Students with Disabilities,,ENGR,English Reading,30,22,7,70,27
2020 - 2021,Loudoun County Public Schools,Rolling Ridge Elementary,SCH,White,,ENGR,English Reading,66,56,9,34,32
2020 - 2021,Loudoun County Public Schools,Rolling Ridge Elementary,SCH,All Students,,MATH,Mathematics,47,44,3,53,230
2020 - 2021,Loudoun County Public Schools,Rolling Ridge Elementary,SCH,Asian,,MATH,Mathematics,78,69,9,22,32
2020 - 2021,Loudoun County Public Schools,Rolling Ridge Elementary,SCH,Black,,MATH,Mathematics,48,43,5,52,21
2020 - 2021,Loudoun County Public Schools,Rolling Ridge Elementary,SCH,Female,,MATH,Mathematics,45,42,3,55,122
2020 - 2021,Loudoun County Public Schools,Rolling Ridge Elementary,SCH,Hispanic,,MATH,Mathematics,35,34,1,65,136
2020 - 2021,Loudoun County Public Schools,Rolling Ridge Elementary,SCH,Homeless,,MATH,Mathematics,13,13,-,88,16
2020 - 2021,Loudoun County Public Schools,Rolling Ridge Elementary,SCH,Male,,MATH,Mathematics,50,46,4,50,108
2020 - 2021,Loudoun County Public Schools,Rolling Ridge Elementary,SCH,Students with Disabilities,,MATH,Mathematics,33,26,7,67,27
2020 - 2021,Loudoun County Public Schools,Rolling Ridge Elementary,SCH,White,,MATH,Mathematics,63,56,6,38,32
2020 - 2021,Loudoun County Public Schools,Rolling Ridge Elementary,SCH,All Students,,SCI,Science,40,36,4,60,75
2020 - 2021,Loudoun County Public Schools,Rolling Ridge Elementary,SCH,Asian,,SCI,Science,83,58,25,17,12
2020 - 2021,Loudoun County Public Schools,Rolling Ridge Elementary,SCH,Black,,SCI,Science,<,<,<,<,0
2020 - 2021,Loudoun County Public Schools,Rolling Ridge Elementary,SCH,Female,,SCI,Science,43,40,2,57,47
2020 - 2021,Loudoun County Public Schools,Rolling Ridge Elementary,SCH,Hispanic,,SCI,Science,33,33,-,67,46
2020 - 2021,Loudoun County Public Schools,Rolling Ridge Elementary,SCH,Homeless,,SCI,Science,<,<,<,<,0
2020 - 2021,Loudoun County Public Schools,Rolling Ridge Elementary,SCH,Male,,SCI,Science,36,29,7,64,28
2020 - 2021,Loudoun County Public Schools,Rolling Ridge Elementary,SCH,Students with Disabilities,,SCI,Science,25,17,8,75,12
2020 - 2021,Loudoun County Public Schools,Rolling Ridge Elementary,SCH,White,,SCI,Science,<,<,<,<,0
2020 - 2021,Loudoun County Public Schools,Sterling Elementary,SCH,All Students,,ENGR,English Reading,45,43,3,55,195
2020 - 2021,Loudoun County Public Schools,Sterling Elementary,SCH,Asian,,ENGR,English Reading,85,85,-,15,13
2020 - 2021,Loudoun County Public Schools,Sterling Elementary,SCH,Black,,ENGR,English Reading,<,<,<,<,0
2020 - 2021,Loudoun County Public Schools,Sterling Elementary,SCH,Female,,ENGR,English Reading,48,46,2,52,91
2020 - 2021,Loudoun County Public Schools,Sterling Elementary,SCH,Hispanic,,ENGR,English Reading,37,36,1,63,138
2020 - 2021,Loudoun County Public Schools,Sterling Elementary,SCH,Homeless,,ENGR,English Reading,12,12,-,88,34
2020 - 2021,Loudoun County Public Schools,Sterling Elementary,SCH,Male,,ENGR,English Reading,42,39,3,58,104
2020 - 2021,Loudoun County Public Schools,Sterling Elementary,SCH,Students with Disabilities,,ENGR,English Reading,28,28,-,72,18
2020 - 2021,Loudoun County Public Schools,Sterling Elementary,SCH,White,,ENGR,English Reading,56,44,12,44,25
2020 - 2021,Loudoun County Public Schools,Sterling Elementary,SCH,All Students,,MATH,Mathematics,31,29,2,69,199
2020 - 2021,Loudoun County Public Schools,Sterling Elementary,SCH,Asian,,MATH,Mathematics,69,63,6,31,16
2020 - 2021,Loudoun County Public Schools,Sterling Elementary,SCH,Black,,MATH,Mathematics,<,<,<,<,0
2020 - 2021,Loudoun County Public Schools,Sterling Elementary,SCH,Female,,MATH,Mathematics,30,30,-,70,91
2020 - 2021,Loudoun County Public Schools,Sterling Elementary,SCH,Hispanic,,MATH,Mathematics,22,21,1,78,140
2020 - 2021,Loudoun County Public Schools,Sterling Elementary,SCH,Homeless,,MATH,Mathematics,17,17,-,83,35
2020 - 2021,Loudoun County Public Schools,Sterling Elementary,SCH,Male,,MATH,Mathematics,31,29,3,69,108
2020 - 2021,Loudoun County Public Schools,Sterling Elementary,SCH,Students with Disabilities,,MATH,Mathematics,-,-,-,100,18
2020 - 2021,Loudoun County Public Schools,Sterling Elementary,SCH,White,,MATH,Mathematics,46,42,4,54,24
2020 - 2021,Loudoun County Public Schools,Sterling Elementary,SCH,All Students,,SCI,Science,30,26,5,70,66
2020 - 2021,Loudoun County Public Schools,Sterling Elementary,SCH,Asian,,SCI,Science,<,<,<,<,0
2020 - 2021,Loudoun County Public Schools,Sterling Elementary,SCH,Black,,SCI,Science,<,<,<,<,0
2020 - 2021,Loudoun County Public Schools,Sterling Elementary,SCH,Female,,SCI,Science,19,19,-,81,27
2020 - 2021,Loudoun County Public Schools,Sterling Elementary,SCH,Hispanic,,SCI,Science,24,22,2,76,50
2020 - 2021,Loudoun County Public Schools,Sterling Elementary,SCH,Homeless,,SCI,Science,14,14,-,86,14
2020 - 2021,Loudoun County Public Schools,Sterling Elementary,SCH,Male,,SCI,Science,38,31,8,62,39
2020 - 2021,Loudoun County Public Schools,Sterling Elementary,SCH,Students with Disabilities,,SCI,Science,<,<,<,<,0
2020 - 2021,Loudoun County Public Schools,Sterling Elementary,SCH,White,,SCI,Science,<,<,<,<,0
2020 - 2021,Loudoun County Public Schools,Sugarland Elementary,SCH,All Students,,ENGR,English Reading,44,43,2,56,195
2020 - 2021,Loudoun County Public Schools,Sugarland Elementary,SCH,Asian,,ENGR,English Reading,72,67,6,28,18
2020 - 2021,Loudoun County Public Schools,Sugarland Elementary,SCH,Black,,ENGR,English Reading,46,46,-,54,13
2020 - 2021,Loudoun County Public Schools,Sugarland Elementary,SCH,Female,,ENGR,English Reading,50,48,2,50,100
2020 - 2021,Loudoun County Public Schools,Sugarland Elementary,SCH,Hispanic,,ENGR,English Reading,37,36,1,63,149
2020 - 2021,Loudoun County Public Schools,Sugarland Elementary,SCH,Homeless,,ENGR,English Reading,17,17,-,83,29
2020 - 2021,Loudoun County Public Schools,Sugarland Elementary,SCH,Male,,ENGR,English Reading,38,37,1,62,95
2020 - 2021,Loudoun County Public Schools,Sugarland Elementary,SCH,Students with Disabilities,,ENGR,English Reading,17,17,-,83,18
2020 - 2021,Loudoun County Public Schools,Sugarland Elementary,SCH,White,,ENGR,English Reading,70,70,-,30,10
2020 - 2021,Loudoun County Public Schools,Sugarland Elementary,SCH,All Students,,MATH,Mathematics,41,40,2,59,194
2020 - 2021,Loudoun County Public Schools,Sugarland Elementary,SCH,Asian,,MATH,Mathematics,78,67,11,22,18
2020 - 2021,Loudoun County Public Schools,Sugarland Elementary,SCH,Black,,MATH,Mathematics,17,17,-,83,12
2020 - 2021,Loudoun County Public Schools,Sugarland Elementary,SCH,Female,,MATH,Mathematics,40,38,2,60,99
2020 - 2021,Loudoun County Public Schools,Sugarland Elementary,SCH,Hispanic,,MATH,Mathematics,35,35,-,65,149
2020 - 2021,Loudoun County Public Schools,Sugarland Elementary,SCH,Homeless,,MATH,Mathematics,23,23,-,77,31
2020 - 2021,Loudoun County Public Schools,Sugarland Elementary,SCH,Male,,MATH,Mathematics,42,41,1,58,95
2020 - 2021,Loudoun County Public Schools,Sugarland Elementary,SCH,Students with Disabilities,,MATH,Mathematics,17,17,-,83,18
2020 - 2021,Loudoun County Public Schools,Sugarland Elementary,SCH,White,,MATH,Mathematics,90,90,-,10,10
2020 - 2021,Loudoun County Public Schools,Sugarland Elementary,SCH,All Students,,SCI,Science,14,14,-,86,42
2020 - 2021,Loudoun County Public Schools,Sugarland Elementary,SCH,Asian,,SCI,Science,<,<,<,<,0
2020 - 2021,Loudoun County Public Schools,Sugarland Elementary,SCH,Black,,SCI,Science,<,<,<,<,0
2020 - 2021,Loudoun County Public Schools,Sugarland Elementary,SCH,Female,,SCI,Science,5,5,-,95,19
2020 - 2021,Loudoun County Public Schools,Sugarland Elementary,SCH,Hispanic,,SCI,Science,3,3,-,97,30
2020 - 2021,Loudoun County Public Schools,Sugarland Elementary,SCH,Homeless,,SCI,Science,<,<,<,<,0
2020 - 2021,Loudoun County Public Schools,Sugarland Elementary,SCH,Male,,SCI,Science,22,22,-,78,23
2020 - 2021,Loudoun County Public Schools,Sugarland Elementary,SCH,Students with Disabilities,,SCI,Science,<,<,<,<,0
2020 - 2021,Loudoun County Public Schools,Sugarland Elementary,SCH,White,,SCI,Science,<,<,<,<,0
2020 - 2021,Loudoun County Public Schools,Sully Elementary,SCH,All Students,,ENGR,English Reading,41,35,6,59,207
2020 - 2021,Loudoun County Public Schools,Sully Elementary,SCH,American Indian,,ENGR,English Reading,<,<,<,<,0
2020 - 2021,Loudoun County Public Schools,Sully Elementary,SCH,Asian,,ENGR,English Reading,79,50,29,21,14
2020 - 2021,Loudoun County Public Schools,Sully Elementary,SCH,Black,,ENGR,English Reading,<,<,<,<,0
2020 - 2021,Loudoun County Public Schools,Sully Elementary,SCH,Female,,ENGR,English Reading,48,41,7,52,101
2020 - 2021,Loudoun County Public Schools,Sully Elementary,SCH,Foster Care,,ENGR,English Reading,100,<,<,0,0
2020 - 2021,Loudoun County Public Schools,Sully Elementary,SCH,Hispanic,,ENGR,English Reading,35,30,5,65,169
2020 - 2021,Loudoun County Public Schools,Sully Elementary,SCH,Homeless,,ENGR,English Reading,30,22,8,70,37
2020 - 2021,Loudoun County Public Schools,Sully Elementary,SCH,Male,,ENGR,English Reading,35,29,6,65,106
2020 - 2021,Loudoun County Public Schools,Sully Elementary,SCH,Students with Disabilities,,ENGR,English Reading,35,8,27,65,37
2020 - 2021,Loudoun County Public Schools,Sully Elementary,SCH,White,,ENGR,English Reading,79,71,7,21,14
2020 - 2021,Loudoun County Public Schools,Sully Elementary,SCH,All Students,,MATH,Mathematics,32,26,6,68,209
2020 - 2021,Loudoun County Public Schools,Sully Elementary,SCH,Asian,,MATH,Mathematics,64,29,36,36,14
2020 - 2021,Loudoun County Public Schools,Sully Elementary,SCH,Black,,MATH,Mathematics,<,<,<,<,0
2020 - 2021,Loudoun County Public Schools,Sully Elementary,SCH,Female,,MATH,Mathematics,31,25,7,69,102
2020 - 2021,Loudoun County Public Schools,Sully Elementary,SCH,Hispanic,,MATH,Mathematics,27,25,3,73,171
2020 - 2021,Loudoun County Public Schools,Sully Elementary,SCH,Homeless,,MATH,Mathematics,24,18,5,76,38
2020 - 2021,Loudoun County Public Schools,Sully Elementary,SCH,Male,,MATH,Mathematics,33,28,5,67,107
2020 - 2021,Loudoun County Public Schools,Sully Elementary,SCH,Students with Disabilities,,MATH,Mathematics,35,8,27,65,37
2020 - 2021,Loudoun County Public Schools,Sully Elementary,SCH,White,,MATH,Mathematics,64,50,14,36,14
2020 - 2021,Loudoun County Public Schools,Sully Elementary,SCH,All Students,,SCI,Science,34,32,1,66,68
2020 - 2021,Loudoun County Public Schools,Sully Elementary,SCH,Asian,,SCI,Science,100,<,<,0,0
2020 - 2021,Loudoun County Public Schools,Sully Elementary,SCH,Black,,SCI,Science,<,<,<,<,0
2020 - 2021,Loudoun County Public Schools,Sully Elementary,SCH,Female,,SCI,Science,39,36,3,61,33
2020 - 2021,Loudoun County Public Schools,Sully Elementary,SCH,Hispanic,,SCI,Science,29,29,-,71,55
2020 - 2021,Loudoun County Public Schools,Sully Elementary,SCH,Homeless,,SCI,Science,18,18,-,82,11
2020 - 2021,Loudoun County Public Schools,Sully Elementary,SCH,Male,,SCI,Science,29,29,-,71,35
2020 - 2021,Loudoun County Public Schools,Sully Elementary,SCH,Students with Disabilities,,SCI,Science,17,17,-,83,12
2020 - 2021,Loudoun County Public Schools,Sully Elementary,SCH,White,,SCI,Science,<,<,<,<,0
